Signatures,Stability (Avg Silhouette),Minimum Stability,Considerable Solution,P-value,Matrix Frobenius%,Mean Sample L1%,Maximum Sample L1%,Mean Sample L2%,Maximum Sample L2%,Mean Sample KL,Maximum Sample KL,Mean Cosine Distance,Max Cosine Distance,Mean Correlation,Minimum Correlation
2,0.98,0.97,NO,N/A,43.8%,39.82%,181.63%,41.01%,96.87,0.2869,2.9328,0.134,0.737,0.77,0.089
3,0.79,0.56,NO,N/A,36.72%,38.31%,179.49%,40.04%,95.7,0.2691,2.74,0.126,0.706,0.79,0.14
4,0.78,0.54,NO,N/A,36.54%,35.29%,179.46%,34.84%,95.93,0.2361,2.775,0.09,0.71,0.845,0.135
5,0.96,0.92,YES,6.88e-03,16.16%,32.87%,179.69%,31.89%,95.25,0.2212,2.6188,0.082,0.694,0.858,0.154
6,0.88,0.41,NO,N/A,14.83%,31.46%,179.41%,31.49%,95.1,0.1988,2.6545,0.067,0.69,0.879,0.162
7,0.86,0.66,NO,N/A,13.48%,30.73%,176.87%,28.86%,94.6,0.1909,2.6964,0.062,0.675,0.889,0.192
8*,0.9,0.71,YES,Most Stab Sigs,12.41%,29.88%,175.46%,27.44%,94.34,0.1819,2.6523,0.057,0.667,0.897,0.207
9,0.79,0.23,NO,N/A,11.71%,29.12%,174.77%,26.65%,94.3,0.1784,2.6548,0.056,0.665,0.901,0.211
10,0.71,0.12,NO,N/A,11.13%,29.25%,174.37%,26.4%,94.34,0.1762,2.6641,0.054,0.665,0.905,0.212
